{
  "html": {
    "doctype": "html",
    "language": "pt-br",
    "head": {
      "meta": [
        {"charset": "UTF-8"},
        {"name": "viewport", "content": "width=device-width, initial-scale=1.0"}
      ],
      "title": "Avaliação do Filme",
      "links": [
        {"rel": "stylesheet", "href": "styles.css"}
      ]
    },
    "body": {
      "div": {
        "class": "container",
        "children": [
          {
            "div": {
              "class": "box",
              "children": [
                {
                  "img": {
                    "src": "/sistema de valiaço/imgs/oppenhaimer poster 4k.png",
                    "style": "height: 500px; width: 300px;"
                  }
                }
              ]
            }
          },
          {
            "div": {
              "class": "box2",
              "children": [
                {
                  "div": {
                    "class": "header",
                    "children": [
                      {"p": {"class": "title", "text": "EU ASSISTI..."}},
                      {"h1": {"class": "main-title", "text": "OPPENHEIMER", "children": [
                        {"span": {"class": "year", "text": "2023"}}
                      ]}}
                    ]
                  }
                },
                {
                  "div": {
                    "children": [
                      {"textarea": {"id": "texto", "placeholder": "Adicione uma review..."}}
                    ]
                  }
                },
                {
                  "div": {
                    "class": "text-container",
                    "children": [
                      {
                        "div": {
                          "class": "section",
                          "children": [
                            {"label": "Assisti em:"},
                            {"input": {"type": "text", "id": "data", "class": "custom-date", "placeholder": "Dia/Mes/Ano", "maxlength": "10"}}
                          ]
                        }
                      },
                      {
                        "div": {
                          "class": "section",
                          "children": [
                            {"label": "Plataforma que assisti:"},
                            {"input": {"type": "text", "id": "plataforma", "class": "custom-plataforma", "placeholder": "ex: Netflix"}}
                          ]
                        }
                      }
                    ]
                  }
                },
                {
                  "div": {
                    "class": "avaliacao-like",
                    "children": [
                      {
                        "div": {
                          "class": "like-section",
                          "children": [
                            {"span": "Like"},
                            {"button": {"class": "coracao", "onclick": "curtirFilme(this)", "text": "❤"}}
                          ]
                        }
                      },
                      {
                        "div": {
                          "class": "avaliacao",
                          "children": [
                            {"span": "Nota"},
                            {
                              "div": {
                                "class": "estrelas",
                                "children": [
                                  {"span": {"class": "estrela", "text": "★"}},
                                  {"span": {"class": "estrela", "text": "★"}},
                                  {"span": {"class": "estrela", "text": "★"}},
                                  {"span": {"class": "estrela", "text": "★"}},
                                  {"span": {"class": "estrela", "text": "★"}}
                                ]
                              }
                            }
                          ]
                        }
                      }
                    ]
                  }
                },
                {
                  "button": {
                    "id": "salvar",
                    "onclick": "salvarPublicacao()",
                    "text": "Salvar"
                  }
                }
              ]
            }
          }
        ]
      }
    }
  },
  "css": {
    "body": {
      "font-family": "Arial, sans-serif",
      "margin": "0",
      "padding": "0",
      "display": "flex",
      "justify-content": "center",
      "align-items": "center",
      "height": "100vh",
      "background-color": "#f0f0f0"
    },
    "container": {
      "background-color": "#445566",
      "padding": "30px",
      "border-radius": "10px",
      "box-shadow": "0 4px 8px rgba(0, 0, 0, 0.2)",
      "width": "900px",
      "margin": "50px auto",
      "display": "flex",
      "flex-direction": "column",
      "position": "relative"
    },
    "header": {
      "margin-bottom": "20px"
    },
    "title": {
      "color": "#8899AA",
      "font-size": "24px",
      "margin": "0"
    },
    "main-title": {
      "color": "#FFFFFF",
      "font-size": "36px",
      "margin": "10px 0"
    },
    "year": {
      "color": "#FFFFFF",
      "font-size": "24px"
    },
    "text-container": {
      "display": "flex",
      "align-items": "center"
    },
    "data-section, section": {
      "display": "flex",
      "align-items": "center",
      "margin-bottom": "5px"
    },
    "section label, plataforma-section p": {
      "margin-top": "5px",
      "margin-right": "10px",
      "color": "#8899AA"
    },
    "custom-date, custom-plataforma": {
      "padding": "5px",
      "border": "1px solid #ccc",
      "border-radius": "4px"
    },
    "section": {
      "display": "flex",
      "flex-direction": "column",
      "align-items": "flex-start",
      "margin-right": "20px"
    },
    "custom-date::-webkit-datetime-edit, custom-date::-webkit-input-placeholder, custom-date::-moz-placeholder": {
      "color": "#8899AA"
    },
    "custom-date::-webkit-inner-spin-button, custom-date::-webkit-calendar-picker-indicator": {
      "display": "none"
    },
    "input-section": {
      "width": "30%",
      "display": "inline-block",
      "float": "right"
    },
    "box2": {
      "width": "100%",
      "flex": "0 0 60%",
      "padding": "10px",
      "margin": "5px"
    },
    "box": {
      "flex": "0 0 20%",
      "padding": "10px",
      "margin": "5px"
    },
    "textarea": {
      "background-color": "#CCDDEE",
      "width": "100%",
      "height": "300px",
      "margin": "0",
      "padding": "10px",
      "flex-grow": "1"
    },
    "filme-poster": {
      "height": "500px",
      "width": "300px"
    },
    "avaliacao-like": {
      "display": "flex",
      "justify-content": "space-between",
      "margin-bottom": "20px"
    },
    "avaliacao span, like-section span, data-section p": {
      "color": "#8899AA"
    },
    "estrelas": {
      "font-size": "30px"
    },
    "estrela": {
      "font-size": "30px",
      "color": "gray",
      "cursor": "pointer"
    },
    "estrela.ativa": {
      "color": "yellow"
    },
    "like-section": {
      "display": "flex",
      "flex-direction": "column",
      "align-items": "center"
    },
    "like-section span": {
      "margin-bottom": "5px"
    },
    "coracao": {
      "background-color": "transparent",
      "border": "none",
      "color": "#8899AA",
      "font-size": "30px",
      "cursor": "pointer"
    },
    "coracao.ativo": {
      "color": "red"
    },
    "data-section p": {
      "margin-right": "100px"
    },
    "custom-date": {
      "color": "#8899AA",
      "background-color": "#ffffff",
      "border": "1px solid #cccccc",
      "padding": "5px",
      "border-radius": "3px",
      "width": "100px",
      "box-sizing": "border-box"
    },
    "salvar": {
      "background-color": "#9270DB",
      "border": "none",
      "color": "#fff",
      "padding": "10px 20px",
      "border-radius": "5px",
      "cursor": "pointer",
      "position": "absolute",
      "bottom": "20px",
      "right": "20px"
    }
  },
  "javascript": {
    "adicionarEstrelas": "function adicionarEstrelas(nota) { const estrelas = document.querySelectorAll('.estrela'); estrelas.forEach((estrela, index) => { if (index < nota) { estrela.classList.add('ativa'); } else { estrela.classList.remove('ativa'); } }); }",
    "curtirFilme": "function curtirFilme(element) { element.classList.toggle('ativo'); }",
    "salvarPublicacao": "function salvarPublicacao() { const texto = document.getElementById('texto').value; const nota = document.querySelectorAll('.estrela.ativa').length; const curtida = document.querySelector('.coracao').classList.contains('ativo'); const data = document.getElementById('data').value; const plataforma = document.getElementById('plataforma').value; const imagem = 'oppenhaimer_poster_4k.png'; const publicacao = { texto: texto, nota: nota, curtida: curtida, data: data, plataforma: plataforma, imagem: imagem }; console.log(JSON.stringify(publicacao)); }",
    "formatarData": "function formatarData(input) { const valor = input.value.replace(/\\D/g, ''); const partes = []; if (valor.length > 0) partes.push(valor.substring(0, 2)); if (valor.length > 2) partes.push(valor.substring(2, 4)); if (valor.length > 4) partes.push(valor.substring(4, 8)); input.value = partes.join('/'); }",
    "eventListeners": [
      "document.querySelectorAll('.estrela').forEach((estrela, index) => { estrela.addEventListener('click', () => { if (estrela.classList.contains('ativa')) { adicionarEstrelas(index); } else { adicionarEstrelas(index + 1); } }); });",
      "document.querySelector('.coracao').addEventListener('click', curtirFilme);",
      "document.getElementById('salvar').addEventListener('click', salvarPublicacao);",
      "document.getElementById('data').addEventListener('input', (event) => { formatarData(event.target); });"
    ]
  }
}
